<?xml version="1.0" encoding="utf-8" standalone="no" ?>
<GUI onOpen="onOpen" onClose="onClose" onCreate="onCreate">
    <GuiElement type="empty" profile="newLayer" />
    <GuiElement type="bitmap" profile="dialogFullscreenBg" />
    <GuiElement type="bitmap" profile="bgVignette"/>
    <GuiElement type="bitmap" profile="bgGlowDialog" />

    <GuiElement type="bitmap" profile="passwordDialogBg" id="dialogElement">
        <GuiElement type="text" profile="dialogTextPassword" text="$l10n_CM_dialog_addPoints_title" id="dialogTitleElement"  position="0px -20px"/>

        <GuiElement type="text" profile="CmDialogText" text="$l10n_CM_dialog_addPoints_pointsText" position="3px 19px"/>
        <GuiElement type="textInput" profile="CmDialogPointsTextInput" position="0px 28px" text="0" id="pointsInput" onEnterPressed="onPointsEnterPressed" onEscPressed="onEscPressed" onFocus="onInputFocus" onLeave="onInputLeave" imeKeyboardType="normal" imeTitle="" imeDescription="" imePlaceholder="" enterWhenClickOutside="false" />
        <GuiElement type="text" profile="CmDialogText" text="$l10n_CM_dialog_addPoints_reasonText" position="3px -35px"/>
        <GuiElement type="textInput" profile="CmDialogTextInput" id="reasonInput" position="0px -28px" onEnterPressed="onReasonEnterPressed" onEscPressed="onEscPressed" onFocus="onInputFocus" onLeave="onInputLeave" imeKeyboardType="normal" imeTitle="" imeDescription="" imePlaceholder="" enterWhenClickOutside="false" />
        
        <GuiElement type="flowLayout" profile="buttonBoxDialog" id="buttonsPC" >
            <GuiElement type="button" profile="buttonBack"  text="$l10n_button_cancel"  onClick="onClickBack" id="noButton" />
            <GuiElement type="button" profile="buttonOK"    text="$l10n_button_save"    onClick="onClickOk"   id="yesButton" />
        </GuiElement>
    </GuiElement>
</GUI>
