<?xml version="1.0" encoding="utf-8" standalone="no" ?>
<GUI name="ScoreBoardPage">
    <GuiElement type="empty" profile="uiInGameMenuFrame">
        <GuiElement type="empty" profile="ingameMenuFrameHeaderPanel">
            <GuiElement type="bitmap" profile="ingameMenuPriceHeaderIcon" />
            <GuiElement type="text" profile="ingameMenuFrameHeaderText" id="header" text="$l10n_CM_title"/>
        </GuiElement>

        <GuiElement type="empty" profile="ingameMenuSettingsBox" id="mainBox">
            <GuiElement type="empty" profile="ingameMenuPriceLeftColumn" id="leftColumn">
                <GuiElement type="boxLayout" profile="ingameCalendarHeaderBox" id="tableHeaderBox" size="680px 104px">
                    <GuiElement type="text" profile="ingameMenuPriceHeader" size="340px 104px" id="leftColumnHeader" text="$l10n_CM_leftList_leftTitle"/>
					<GuiElement type="text" profile="ingameMenuPriceHeader" size="340px 104px" text="$l10n_CM_leftList_rightTitle" textAlignment="right" textOffset="-30px 0px" />
                </GuiElement>

                <GuiElement type="smoothList" profile="ingameMenuPriceList" id="leftList" focusChangeTop="nil" focusChangeBottom="nil" selectedWithoutFocus="false" listSectionHeader="section" onClick="onClickLeftListCallback" onDoubleClick="onDoubleClickFarm">
                    <GuiElement type="listItem" profile="ingameMenuPriceListItem">
						<GuiElement type="bitmap" name="icon" profile="ingameMenuPriceGoodsIcon" imageUVs="330px 0 256px 256px" imageFilename="dataS/menu/hud/multiplayer_icons.png"/>
                        <GuiElement type="text" name="title" profile="ingameMenuPriceItemTitle" />
						<GuiElement type="text" name="value" profile="ingameMenuPriceItemStorage" />
                    </GuiElement>

					<GuiElement type="listItem" profile="ingameMenuAnimalsListSectionHeader" name="section">
                        <GuiElement type="text" profile="ingameMenuAnimalsListSectionHeaderText" name="title" />
                    </GuiElement>
                </GuiElement>

                <GuiElement type="threePartBitmap" profile="verticalListSliderRightDocked" size="12px 652px" position="28px -104px">
                    <GuiElement type="slider" profile="verticalListSliderBar" size="6px 644px" dataElementId="leftList" id="leftListSlider" />
                </GuiElement>
            </GuiElement>

            <GuiElement type="empty" profile="ingameMenuPriceRightColumn" id="rightColumn">
                <GuiElement type="boxLayout" profile="ingameCalendarHeaderBox" id="tableHeaderBox" size="680px 104px">
                    <GuiElement type="button" profile="ingameMenuPriceHeader" size="330px 104px"  id="goal" text="" onClick="onClickSetGoal"/> 
                    <GuiElement type="text" profile="ingameMenuPriceHeader" size="180px 104px"  text="" id="rightList_middleTitle" />
                    <GuiElement type="text" profile="ingameMenuPriceHeader" size="160px 104px"  text="" id="rightList_rightTitle" textOffset="0 0" />
                </GuiElement>

                <GuiElement type="smoothList" profile="ingameMenuPriceList" id="rightList" focusChangeTop="nil" focusChangeBottom="nil" listSectionHeader="section" onClick="onClickRightListCallback" onDoubleClick="onDoubleClickValue">
                    <GuiElement type="listItem" profile="ingameMenuPriceListItem">
                        <GuiElement type="text" name="title" profile="ingameMenuPriceSellpointTitle" />
						<GuiElement type="text" name="value" profile="ingameMenuPriceItemBuyPrice" />
						<GuiElement type="text" name="conversionValue" profile="ingameMenuPriceItemPrice" textOffset="-30px 0" />
                    </GuiElement>

					<GuiElement type="listItem" profile="ingameMenuAnimalsListSectionHeader" name="section">
                        <GuiElement type="text" profile="ingameMenuAnimalsListSectionHeaderText" name="title" />
                    </GuiElement>
                </GuiElement>

                <GuiElement type="threePartBitmap" profile="verticalListSliderRightDocked" size="12px 652px" position="28px -104px">
                    <GuiElement type="slider" profile="verticalListSliderBar" size="6px 644px" dataElementId="rightList" id="rightListSlider" />
                </GuiElement>
            </GuiElement>

            <GuiElement type="empty" profile="ingameMenuPriceRightColumn" id="changelogColumn" visible="false">
                <GuiElement type="boxLayout" profile="ingameCalendarHeaderBox" id="changelogColumnHeaderBox" size="680px 104px">
                    <GuiElement type="text" profile="ingameMenuPriceHeader" size="190px 104px" text="$l10n_CM_changelogList_leftTitle" id="changelogList_leftTitle" /> 
                    <GuiElement type="text" profile="ingameMenuPriceHeader" size="330px 104px" text="$l10n_CM_changelogList_middleTitle" id="changelogList_middleTitle" />
                    <GuiElement type="text" profile="ingameMenuPriceHeader" size="160px 104px" text="$l10n_CM_changelogList_rightTitle" id="changelogList_rightTitle" textOffset="0 0" />
                </GuiElement>

                <GuiElement type="smoothList" profile="ingameMenuPriceList" id="changelogList" focusChangeTop="nil" focusChangeBottom="nil" listSectionHeader="section" onDoubleClick="onDoubleClickPoint" onClick="onClickChangelogListCallback">
                    <GuiElement type="listItem" profile="ingameMenuPriceListItem">
                        <GuiElement type="text" name="userName" profile="CmChangelogUserNameText" />
						<GuiElement type="text" name="date" profile="CmChangelogDateText"/>
						<GuiElement type="text" name="addedPoints" profile="CmChangelogPointsText" />
                    </GuiElement>

					<GuiElement type="listItem" profile="ingameMenuAnimalsListSectionHeader" name="section">
                        <GuiElement type="text" profile="ingameMenuAnimalsListSectionHeaderText" name="title" />
                    </GuiElement>
                </GuiElement>

                <GuiElement type="threePartBitmap" profile="verticalListSliderRightDocked" size="12px 652px" position="28px -104px">
                    <GuiElement type="slider" profile="verticalListSliderBar" size="6px 644px" dataElementId="changelogList" id="rightListSlider" />
                </GuiElement>
            </GuiElement>
        </GuiElement>
	</GuiElement>
</GUI>
